Sample043/img043-0001.jpg	عا
Sample043/img043-0002.jpg	عا
Sample043/img043-0003.jpg	عا
Sample043/img043-0004.jpg	عا
Sample043/img043-0005.jpg	عا
Sample043/img043-0006.jpg	عا
Sample043/img043-0007.jpg	عا
Sample043/img043-0008.jpg	عا
Sample043/img043-0009.jpg	عا
Sample043/img043-0010.jpg	عا
Sample043/img043-0011.jpg	عا
Sample043/img043-0012.jpg	عا
Sample043/img043-0013.jpg	عا
Sample043/img043-0014.jpg	عا
Sample043/img043-0015.jpg	عا
Sample043/img043-0016.jpg	عا
Sample043/img043-0017.jpg	عا
Sample043/img043-0018.jpg	عا
Sample043/img043-0019.jpg	عا
Sample043/img043-0020.jpg	عا
Sample043/img043-0021.jpg	با
Sample043/img043-0022.jpg	با
Sample043/img043-0023.jpg	با
Sample043/img043-0024.jpg	با
Sample043/img043-0025.jpg	با
Sample043/img043-0026.jpg	با
Sample043/img043-0027.jpg	با
Sample043/img043-0028.jpg	با
Sample043/img043-0029.jpg	با
Sample043/img043-0030.jpg	با
Sample043/img043-0031.jpg	با
Sample043/img043-0032.jpg	با
Sample043/img043-0033.jpg	با
Sample043/img043-0034.jpg	با
Sample043/img043-0035.jpg	با
Sample043/img043-0036.jpg	با
Sample043/img043-0037.jpg	با
Sample043/img043-0038.jpg	با
Sample043/img043-0039.jpg	با
Sample043/img043-0040.jpg	با
Sample043/img043-0041.jpg	با
Sample043/img043-0042.jpg	با
Sample043/img043-0043.jpg	با
Sample043/img043-0044.jpg	با
Sample043/img043-0045.jpg	با
Sample043/img043-0046.jpg	با
Sample043/img043-0047.jpg	با
Sample043/img043-0048.jpg	با
Sample043/img043-0049.jpg	با
Sample043/img043-0050.jpg	با
Sample043/img043-0051.jpg	با
Sample043/img043-0052.jpg	با
Sample043/img043-0053.jpg	با
Sample043/img043-0054.jpg	با
Sample043/img043-0055.jpg	با
Sample043/img043-0056.jpg	با
Sample043/img043-0057.jpg	با
Sample043/img043-0058.jpg	با
Sample043/img043-0059.jpg	با
Sample043/img043-0060.jpg	با
Sample043/img043-0061.jpg	با
Sample043/img043-0062.jpg	با
Sample043/img043-0063.jpg	با
Sample043/img043-0064.jpg	با
Sample043/img043-0065.jpg	با
Sample043/img043-0066.jpg	با
Sample043/img043-0067.jpg	با
Sample043/img043-0068.jpg	با
Sample043/img043-0069.jpg	با
Sample043/img043-0070.jpg	با
Sample043/img043-0071.jpg	با
Sample043/img043-0072.jpg	با
Sample043/img043-0073.jpg	با
Sample043/img043-0074.jpg	با
Sample043/img043-0075.jpg	با
Sample043/img043-0076.jpg	با
Sample043/img043-0077.jpg	با
Sample043/img043-0078.jpg	با
Sample043/img043-0079.jpg	با
Sample043/img043-0080.jpg	با
Sample043/img043-0081.jpg	با
Sample043/img043-0082.jpg	با
Sample043/img043-0083.jpg	با
Sample043/img043-0084.jpg	با
Sample043/img043-0085.jpg	با
Sample043/img043-0086.jpg	با
Sample043/img043-0087.jpg	با
Sample043/img043-0088.jpg	با
Sample043/img043-0089.jpg	با
Sample043/img043-0090.jpg	با
Sample043/img043-0091.jpg	با
Sample043/img043-0092.jpg	با
Sample043/img043-0093.jpg	با
Sample043/img043-0094.jpg	با
Sample043/img043-0095.jpg	با
Sample043/img043-0096.jpg	با
Sample043/img043-0097.jpg	با
Sample043/img043-0098.jpg	با
Sample043/img043-0099.jpg	با
Sample042/img042-0100.jpg	با
Sample042/img042-0101.jpg	با
Sample042/img042-0102.jpg	با
Sample042/img042-0103.jpg	با
Sample042/img042-0104.jpg	با
Sample042/img042-0105.jpg	با
Sample042/img042-0106.jpg	با
Sample042/img042-0107.jpg	بی
Sample042/img042-0108.jpg	بی
Sample042/img042-0109.jpg	بی
Sample042/img042-0110.jpg	بی
Sample042/img042-0111.jpg	بی
Sample042/img042-0112.jpg	بی
Sample043/img043-0113.jpg	بو
Sample043/img043-0114.jpg	بو
Sample043/img043-0115.jpg	بو
Sample043/img043-0116.jpg	بو
Sample043/img043-0117.jpg	بو
Sample043/img043-0118.jpg	بو
Sample043/img043-0119.jpg	بو
Sample043/img043-0120.jpg	بو
Sample043/img043-0121.jpg	بو
Sample043/img043-0122.jpg	بو
Sample043/img043-0123.jpg	بو
Sample043/img043-0124.jpg	چا
Sample043/img043-0125.jpg	چا
Sample043/img043-0126.jpg	چا
Sample043/img043-0127.jpg	چا
Sample043/img043-0128.jpg	چا
Sample043/img043-0129.jpg	چا
Sample043/img043-0130.jpg	چا
Sample043/img043-0131.jpg	چا
Sample043/img043-0132.jpg	چا
Sample043/img043-0133.jpg	چا
Sample043/img043-0134.jpg	چا
Sample043/img043-0135.jpg	چا
Sample043/img043-0136.jpg	چا
Sample043/img043-0137.jpg	چا
Sample043/img043-0138.jpg	چا
Sample043/img043-0139.jpg	چا
Sample043/img043-0140.jpg	چا
Sample043/img043-0141.jpg	چا
Sample043/img043-0142.jpg	چا
Sample043/img043-0143.jpg	چا
Sample043/img043-0144.jpg	چا
Sample043/img043-0145.jpg	چا
Sample043/img043-0146.jpg	چا
Sample043/img043-0147.jpg	چا
Sample043/img043-0148.jpg	چا
Sample043/img043-0149.jpg	چا
Sample043/img043-0150.jpg	چو
Sample043/img043-0151.jpg	چو
Sample043/img043-0152.jpg	چو
Sample043/img043-0153.jpg	چو
Sample043/img043-0154.jpg	چو
Sample043/img043-0155.jpg	چو
Sample043/img043-0156.jpg	چو
Sample043/img043-0157.jpg	چو
Sample043/img043-0158.jpg	چو
Sample043/img043-0159.jpg	چو
Sample043/img043-0160.jpg	چو
Sample043/img043-0161.jpg	چو
Sample043/img043-0162.jpg	چو
Sample043/img043-0163.jpg	چو
Sample043/img043-0164.jpg	چو
Sample043/img043-0165.jpg	چو
Sample043/img043-0166.jpg	فا
Sample043/img043-0167.jpg	فا
Sample043/img043-0168.jpg	فا
Sample043/img043-0169.jpg	فا
Sample043/img043-0170.jpg	فا
Sample043/img043-0171.jpg	فا
Sample043/img043-0172.jpg	فا
Sample043/img043-0173.jpg	فا
Sample043/img043-0174.jpg	فا
Sample043/img043-0175.jpg	فا
Sample043/img043-0176.jpg	فا
Sample043/img043-0177.jpg	فا
Sample043/img043-0178.jpg	فا
Sample043/img043-0179.jpg	فا
Sample043/img043-0180.jpg	فا
Sample043/img043-0181.jpg	فا
Sample043/img043-0182.jpg	فا
Sample043/img043-0183.jpg	فا
Sample043/img043-0184.jpg	فی
Sample043/img043-0185.jpg	فی
Sample043/img043-0186.jpg	فی
Sample043/img043-0187.jpg	فی
Sample043/img043-0188.jpg	فی
Sample043/img043-0189.jpg	فی
Sample043/img043-0190.jpg	فی
Sample043/img043-0191.jpg	فی
Sample043/img043-0192.jpg	فی
Sample043/img043-0193.jpg	فی
Sample043/img043-0194.jpg	فی
Sample043/img043-0195.jpg	فو
Sample043/img043-0196.jpg	فو
Sample043/img043-0197.jpg	فو
Sample043/img043-0198.jpg	فو
Sample043/img043-0199.jpg	فو
Sample043/img043-0200.jpg	فو
Sample043/img043-0201.jpg	فو
Sample043/img043-0202.jpg	فو
Sample043/img043-0203.jpg	فو
Sample043/img043-0204.jpg	فو
Sample043/img043-0205.jpg	گا
Sample043/img043-0206.jpg	گا
Sample043/img043-0207.jpg	گا
Sample043/img043-0208.jpg	گا
Sample043/img043-0209.jpg	گا
Sample043/img043-0210.jpg	گا
Sample043/img043-0211.jpg	گا
Sample043/img043-0212.jpg	گا
Sample043/img043-0213.jpg	گا
Sample043/img043-0214.jpg	گا
Sample043/img043-0215.jpg	گا
Sample043/img043-0216.jpg	گا
Sample043/img043-0217.jpg	گا
Sample043/img043-0218.jpg	گا
Sample043/img043-0219.jpg	گا
Sample043/img043-0220.jpg	گا
Sample043/img043-0221.jpg	گا
Sample043/img043-0222.jpg	گا
Sample043/img043-0223.jpg	گا
Sample043/img043-0224.jpg	گا
Sample043/img043-0225.jpg	گا
Sample043/img043-0226.jpg	گا
Sample043/img043-0227.jpg	گا
Sample043/img043-0228.jpg	گا
Sample043/img043-0229.jpg	گا
Sample043/img043-0230.jpg	گا
Sample043/img043-0231.jpg	گا
Sample043/img043-0232.jpg	گا
Sample043/img043-0233.jpg	گا
Sample043/img043-0234.jpg	گا
Sample043/img043-0235.jpg	گا
Sample043/img043-0236.jpg	گا
Sample043/img043-0237.jpg	گا
Sample043/img043-0238.jpg	گا
Sample043/img043-0239.jpg	گا
Sample043/img043-0240.jpg	گا
Sample043/img043-0241.jpg	گا
Sample043/img043-0242.jpg	گا
Sample043/img043-0243.jpg	گا
Sample043/img043-0244.jpg	گا
Sample043/img043-0245.jpg	گا
Sample043/img043-0246.jpg	گا
Sample043/img043-0247.jpg	گا
Sample043/img043-0248.jpg	گا
Sample043/img043-0249.jpg	غا
Sample043/img043-0250.jpg	غا
Sample043/img043-0251.jpg	غا
Sample043/img043-0252.jpg	غا
Sample043/img043-0253.jpg	غا
Sample043/img043-0254.jpg	غا
Sample043/img043-0255.jpg	غا
Sample043/img043-0256.jpg	غا
Sample043/img043-0257.jpg	غا
Sample043/img043-0258.jpg	گو
Sample043/img043-0259.jpg	گو
Sample043/img043-0260.jpg	گو
Sample043/img043-0261.jpg	گو
Sample043/img043-0262.jpg	گو
Sample043/img043-0263.jpg	گو
Sample043/img043-0264.jpg	گو
Sample043/img043-0265.jpg	گو
Sample043/img043-0266.jpg	گو
Sample043/img043-0267.jpg	ھا
Sample043/img043-0268.jpg	ھا
Sample043/img043-0269.jpg	ھا
Sample043/img043-0270.jpg	ھا
Sample043/img043-0271.jpg	ھا
Sample043/img043-0272.jpg	ھا
Sample043/img043-0273.jpg	ھا
Sample043/img043-0274.jpg	ھا
Sample043/img043-0275.jpg	ھا
Sample043/img043-0276.jpg	ھا
Sample043/img043-0277.jpg	ھا
Sample043/img043-0278.jpg	ھا
Sample043/img043-0279.jpg	ھا
Sample043/img043-0280.jpg	ھا
Sample043/img043-0281.jpg	ھا
Sample043/img043-0282.jpg	ھا
Sample043/img043-0283.jpg	ھا
Sample043/img043-0284.jpg	ھا
Sample043/img043-0285.jpg	ھا
Sample043/img043-0286.jpg	ھا
Sample043/img043-0287.jpg	ھا
Sample043/img043-0288.jpg	ھا
Sample043/img043-0289.jpg	ھا
Sample043/img043-0290.jpg	ھا
Sample043/img043-0291.jpg	ھا
Sample043/img043-0292.jpg	ھا
Sample043/img043-0293.jpg	ھا
Sample043/img043-0294.jpg	ھا
Sample043/img043-0295.jpg	ھا
Sample043/img043-0296.jpg	ھا
Sample043/img043-0297.jpg	ھا
Sample043/img043-0298.jpg	ھا
Sample043/img043-0299.jpg	ھا
Sample043/img043-0300.jpg	ھا
Sample043/img043-0301.jpg	ہا
Sample043/img043-0302.jpg	ہا
Sample043/img043-0303.jpg	ہا
Sample043/img043-0304.jpg	ہا
Sample043/img043-0305.jpg	ہا
Sample043/img043-0306.jpg	ہا
Sample043/img043-0307.jpg	ہا
Sample043/img043-0308.jpg	ہا
Sample043/img043-0309.jpg	ہا
Sample043/img043-0310.jpg	ہا
Sample043/img043-0311.jpg	ہا
Sample043/img043-0312.jpg	ہا
Sample043/img043-0313.jpg	ہا
Sample043/img043-0314.jpg	ہا
Sample043/img043-0315.jpg	ہا
Sample043/img043-0316.jpg	ہا
Sample043/img043-0317.jpg	ہا
Sample043/img043-0318.jpg	ہا
Sample043/img043-0319.jpg	ہا
Sample043/img043-0320.jpg	ہا
Sample043/img043-0321.jpg	ہا
Sample043/img043-0322.jpg	ہا
Sample043/img043-0323.jpg	ہا
Sample043/img043-0324.jpg	ہا
Sample043/img043-0325.jpg	ہا
Sample043/img043-0326.jpg	ہا
Sample043/img043-0327.jpg	ہا
Sample043/img043-0328.jpg	ئے
Sample043/img043-0329.jpg	ئے
Sample043/img043-0330.jpg	ئے
Sample043/img043-0331.jpg	ئے
Sample043/img043-0332.jpg	ئے
Sample043/img043-0333.jpg	ئے
Sample043/img043-0334.jpg	ئے
Sample043/img043-0335.jpg	ئے
Sample043/img043-0336.jpg	ئے
Sample043/img043-0337.jpg	ئے
Sample043/img043-0338.jpg	ئے
Sample043/img043-0339.jpg	ئے
Sample043/img043-0340.jpg	ئے
Sample043/img043-0341.jpg	ئے
Sample043/img043-0342.jpg	ئے
Sample043/img043-0343.jpg	ئے
Sample043/img043-0344.jpg	ئے
Sample043/img043-0345.jpg	ئے
Sample043/img043-0346.jpg	ئے
Sample043/img043-0347.jpg	ئے
Sample043/img043-0348.jpg	ئے
Sample043/img043-0349.jpg	ئے
Sample043/img043-0350.jpg	ئے
Sample043/img043-0351.jpg	ئے
Sample043/img043-0352.jpg	ئی
Sample043/img043-0353.jpg	ئی
Sample043/img043-0354.jpg	ئی
Sample043/img043-0355.jpg	ئی
Sample043/img043-0356.jpg	ئی
Sample043/img043-0357.jpg	ئی
Sample043/img043-0358.jpg	ئی
Sample043/img043-0359.jpg	ئی
Sample043/img043-0360.jpg	ئی
Sample043/img043-0361.jpg	ئی
Sample043/img043-0362.jpg	ئی
Sample043/img043-0363.jpg	ئی
Sample043/img043-0364.jpg	ئی
Sample043/img043-0365.jpg	ئی
Sample043/img043-0366.jpg	ئی
Sample043/img043-0367.jpg	ئی
Sample043/img043-0368.jpg	ئی
Sample043/img043-0369.jpg	ئی
Sample043/img043-0370.jpg	ئی
Sample043/img043-0371.jpg	ئی
Sample043/img043-0372.jpg	ئی
Sample043/img043-0373.jpg	ئی
Sample043/img043-0374.jpg	ئی
Sample043/img043-0375.jpg	ئی
Sample043/img043-0376.jpg	ئی
Sample043/img043-0377.jpg	ئی
Sample043/img043-0378.jpg	ہے
Sample043/img043-0379.jpg	ہے
Sample043/img043-0380.jpg	ہے
Sample043/img043-0381.jpg	ہے
Sample043/img043-0382.jpg	ہے
Sample043/img043-0383.jpg	ہے
Sample043/img043-0384.jpg	ہے
Sample043/img043-0385.jpg	ہے
Sample043/img043-0386.jpg	ہے
Sample043/img043-0387.jpg	ہے
Sample043/img043-0388.jpg	ہے
Sample043/img043-0389.jpg	ہے
Sample043/img043-0390.jpg	ہے
Sample043/img043-0391.jpg	ہے
Sample043/img043-0392.jpg	ہے
Sample043/img043-0393.jpg	ہے
Sample043/img043-0394.jpg	ہے
Sample043/img043-0395.jpg	ہے
Sample043/img043-0396.jpg	ہے
Sample043/img043-0397.jpg	ہے
Sample043/img043-0398.jpg	ہے
Sample043/img043-0399.jpg	ہے
Sample043/img043-0400.jpg	ہے
Sample043/img043-0401.jpg	ہے
Sample043/img043-0402.jpg	ہے
Sample043/img043-0403.jpg	ہے
Sample043/img043-0404.jpg	ہے
Sample043/img043-0405.jpg	ہے
Sample043/img043-0406.jpg	ہے
Sample043/img043-0407.jpg	ہے
Sample043/img043-0408.jpg	ہے
Sample043/img043-0409.jpg	ہے
Sample043/img043-0410.jpg	ہے
Sample043/img043-0411.jpg	ہے
Sample043/img043-0412.jpg	ہے
Sample043/img043-0413.jpg	ہے
Sample043/img043-0414.jpg	ہے
Sample043/img043-0415.jpg	ہے
Sample043/img043-0416.jpg	ہے
Sample043/img043-0417.jpg	ہے
Sample043/img043-0418.jpg	ہے
Sample043/img043-0419.jpg	ہے
Sample043/img043-0420.jpg	ہے
Sample043/img043-0421.jpg	ہے
Sample043/img043-0422.jpg	ہے
Sample043/img043-0423.jpg	ہے
Sample043/img043-0424.jpg	ہے
Sample043/img043-0425.jpg	ہے
Sample043/img043-0426.jpg	ہے
Sample043/img043-0427.jpg	ہے
Sample043/img043-0428.jpg	ہے
Sample043/img043-0429.jpg	ہے
Sample043/img043-0430.jpg	ہے
Sample043/img043-0431.jpg	ہے
Sample043/img043-0432.jpg	ہے
Sample043/img043-0433.jpg	ہے
Sample043/img043-0434.jpg	ہے
Sample043/img043-0435.jpg	حا
Sample043/img043-0436.jpg	حا
Sample043/img043-0437.jpg	حا
Sample043/img043-0438.jpg	حا
Sample043/img043-0439.jpg	حا
Sample043/img043-0440.jpg	حا
Sample043/img043-0441.jpg	حا
Sample043/img043-0442.jpg	حا
Sample043/img043-0443.jpg	حا
Sample043/img043-0444.jpg	حا
Sample043/img043-0445.jpg	حا
Sample043/img043-0446.jpg	حا
Sample043/img043-0447.jpg	حا
Sample043/img043-0448.jpg	حا
Sample043/img043-0449.jpg	حا
Sample043/img043-0450.jpg	حا
Sample043/img043-0451.jpg	حا
Sample043/img043-0452.jpg	حا
Sample043/img043-0453.jpg	حا
Sample043/img043-0454.jpg	حا
Sample043/img043-0455.jpg	ھی
Sample043/img043-0456.jpg	ھی
Sample043/img043-0457.jpg	ھی
Sample043/img043-0458.jpg	ھی
Sample043/img043-0459.jpg	ھی
Sample043/img043-0460.jpg	ھی
Sample043/img043-0461.jpg	ھی
Sample043/img043-0462.jpg	ھی
Sample043/img043-0463.jpg	ھی
Sample043/img043-0464.jpg	ھی
Sample043/img043-0465.jpg	ھی
Sample043/img043-0466.jpg	ھی
Sample043/img043-0467.jpg	ہی
Sample043/img043-0468.jpg	ہی
Sample043/img043-0469.jpg	ہی
Sample043/img043-0470.jpg	ہی
Sample043/img043-0471.jpg	ہی
Sample043/img043-0472.jpg	ہی
Sample043/img043-0473.jpg	ہی
Sample043/img043-0474.jpg	ہی
Sample043/img043-0475.jpg	ہی
Sample043/img043-0476.jpg	ہی
Sample043/img043-0477.jpg	ہی
Sample043/img043-0478.jpg	ہی
Sample043/img043-0479.jpg	ہی
Sample043/img043-0480.jpg	ہو
Sample043/img043-0481.jpg	ہو
Sample043/img043-0482.jpg	ہو
Sample043/img043-0483.jpg	ہو
Sample043/img043-0484.jpg	ہو
Sample043/img043-0485.jpg	ہو
Sample043/img043-0486.jpg	ہو
Sample043/img043-0487.jpg	ہو
Sample043/img043-0488.jpg	ہو
Sample043/img043-0489.jpg	ہو
Sample043/img043-0490.jpg	ہو
Sample043/img043-0491.jpg	ہو
Sample043/img043-0492.jpg	ہو
Sample043/img043-0493.jpg	ہو
Sample043/img043-0494.jpg	ہو
Sample043/img043-0495.jpg	ہو
Sample043/img043-0496.jpg	ہو
Sample043/img043-0497.jpg	ہو
Sample043/img043-0498.jpg	ہو
Sample043/img043-0499.jpg	ہو
Sample043/img043-0500.jpg	ہو
Sample043/img043-0501.jpg	ہو
Sample043/img043-0502.jpg	ہو
Sample043/img043-0503.jpg	ہو
Sample043/img043-0504.jpg	ہو
Sample043/img043-0505.jpg	ہو
Sample043/img043-0506.jpg	ہو
Sample043/img043-0507.jpg	ہو
Sample043/img043-0508.jpg	ہو
Sample043/img043-0509.jpg	ہو
Sample043/img043-0510.jpg	ہو
Sample043/img043-0511.jpg	ہو
Sample043/img043-0512.jpg	ہو
Sample043/img043-0513.jpg	ہو
Sample043/img043-0514.jpg	ہو
Sample043/img043-0515.jpg	ہو
Sample043/img043-0516.jpg	ہو
Sample043/img043-0517.jpg	ہو
Sample043/img043-0518.jpg	ہو
Sample043/img043-0519.jpg	ہو
Sample043/img043-0520.jpg	ہو
Sample043/img043-0521.jpg	ہو
Sample043/img043-0522.jpg	ہو
Sample043/img043-0523.jpg	ہو
Sample043/img043-0524.jpg	ہو
Sample043/img043-0525.jpg	ہو
Sample043/img043-0526.jpg	ہو
Sample043/img043-0527.jpg	ہو
Sample043/img043-0528.jpg	ہو
Sample043/img043-0529.jpg	ہو
Sample043/img043-0530.jpg	ہو
Sample043/img043-0531.jpg	ہو
Sample043/img043-0532.jpg	ہو
Sample043/img043-0533.jpg	ہو
Sample043/img043-0534.jpg	ھو
Sample043/img043-0535.jpg	ھو
Sample043/img043-0536.jpg	ھو
Sample043/img043-0537.jpg	ھو
Sample043/img043-0538.jpg	ھو
Sample043/img043-0539.jpg	ھو
Sample043/img043-0540.jpg	ھو
Sample043/img043-0541.jpg	ھو
Sample043/img043-0542.jpg	ھو
Sample043/img043-0543.jpg	ھو
Sample043/img043-0544.jpg	ھو
Sample043/img043-0545.jpg	ھو
Sample043/img043-0546.jpg	ھو
Sample043/img043-0547.jpg	ھو
Sample043/img043-0548.jpg	ھو
Sample043/img043-0549.jpg	ھو
Sample043/img043-0550.jpg	ھو
Sample043/img043-0551.jpg	ھو
Sample043/img043-0552.jpg	ھو
Sample043/img043-0553.jpg	ھو
Sample043/img043-0554.jpg	ھو
Sample043/img043-0555.jpg	ھو
Sample043/img043-0556.jpg	ھو
Sample043/img043-0557.jpg	ھو
Sample043/img043-0558.jpg	ھو
Sample043/img043-0559.jpg	ھو
Sample043/img043-0560.jpg	ھو
Sample043/img043-0561.jpg	ھو
Sample043/img043-0562.jpg	ھو
Sample043/img043-0563.jpg	ھو
Sample043/img043-0564.jpg	ھو
Sample043/img043-0565.jpg	ھو
Sample043/img043-0566.jpg	ھو
Sample043/img043-0567.jpg	جا
Sample043/img043-0568.jpg	جا
Sample043/img043-0569.jpg	جا
Sample043/img043-0570.jpg	جا
Sample043/img043-0571.jpg	جا
Sample043/img043-0572.jpg	جا
Sample043/img043-0573.jpg	جا
Sample043/img043-0574.jpg	جا
Sample043/img043-0575.jpg	جا
Sample043/img043-0576.jpg	جا
Sample043/img043-0577.jpg	جا
Sample043/img043-0578.jpg	جا
Sample043/img043-0579.jpg	جا
Sample043/img043-0580.jpg	جا
Sample043/img043-0581.jpg	جا
Sample043/img043-0582.jpg	جا
Sample043/img043-0583.jpg	جا
Sample043/img043-0584.jpg	جا
Sample043/img043-0585.jpg	جا
Sample043/img043-0586.jpg	جا
Sample043/img043-0587.jpg	جا
Sample043/img043-0588.jpg	جا
Sample043/img043-0589.jpg	جا
Sample043/img043-0590.jpg	جا
Sample043/img043-0591.jpg	جا
Sample043/img043-0592.jpg	جا
Sample043/img043-0593.jpg	جا
Sample043/img043-0594.jpg	جا
Sample043/img043-0595.jpg	جا
Sample043/img043-0596.jpg	جا
Sample043/img043-0597.jpg	جا
Sample043/img043-0598.jpg	جا
Sample043/img043-0599.jpg	جا
Sample043/img043-0600.jpg	جا
Sample043/img043-0601.jpg	جا
Sample043/img043-0602.jpg	جا
Sample043/img043-0603.jpg	جا
Sample043/img043-0604.jpg	جا
Sample043/img043-0605.jpg	جا
Sample043/img043-0606.jpg	جا
Sample043/img043-0607.jpg	جا
Sample043/img043-0608.jpg	جا
Sample043/img043-0609.jpg	جا
Sample043/img043-0610.jpg	جا
Sample043/img043-0611.jpg	جا
Sample043/img043-0612.jpg	جا
Sample043/img043-0613.jpg	جا
Sample043/img043-0614.jpg	جا
Sample043/img043-0615.jpg	جا
Sample043/img043-0616.jpg	جا
Sample043/img043-0617.jpg	جا
Sample043/img043-0618.jpg	جا
Sample043/img043-0619.jpg	جا
Sample043/img043-0620.jpg	جا
Sample043/img043-0621.jpg	جا
Sample043/img043-0622.jpg	جا
Sample043/img043-0623.jpg	جا
Sample043/img043-0624.jpg	جا
Sample043/img043-0625.jpg	جا
Sample043/img043-0626.jpg	جا
Sample043/img043-0627.jpg	جا
Sample043/img043-0628.jpg	جا
Sample043/img043-0629.jpg	جا
Sample043/img043-0630.jpg	جا
Sample043/img043-0631.jpg	جا
Sample043/img043-0632.jpg	جی
Sample043/img043-0633.jpg	جی
Sample043/img043-0634.jpg	جی
Sample043/img043-0635.jpg	جی
Sample043/img043-0636.jpg	جی
Sample043/img043-0637.jpg	جی
Sample043/img043-0638.jpg	جی
Sample043/img043-0639.jpg	جی
Sample043/img043-0640.jpg	جی
Sample043/img043-0641.jpg	جی
Sample043/img043-0642.jpg	جی
Sample043/img043-0643.jpg	جی
Sample043/img043-0644.jpg	جی
Sample043/img043-0645.jpg	جو
Sample043/img043-0646.jpg	جو
Sample043/img043-0647.jpg	جو
Sample043/img043-0648.jpg	جو
Sample043/img043-0649.jpg	جو
Sample043/img043-0650.jpg	جو
Sample043/img043-0651.jpg	جو
Sample043/img043-0652.jpg	جو
Sample043/img043-0653.jpg	جو
Sample043/img043-0654.jpg	جو
Sample043/img043-0655.jpg	جو
Sample043/img043-0656.jpg	جو
Sample043/img043-0657.jpg	کا
Sample043/img043-0658.jpg	کا
Sample043/img043-0659.jpg	کا
Sample043/img043-0660.jpg	کا
Sample043/img043-0661.jpg	کا
Sample043/img043-0662.jpg	کا
Sample043/img043-0663.jpg	کا
Sample043/img043-0664.jpg	کا
Sample043/img043-0665.jpg	کا
Sample043/img043-0666.jpg	کا
Sample043/img043-0667.jpg	کا
Sample043/img043-0668.jpg	کا
Sample043/img043-0669.jpg	کا
Sample043/img043-0670.jpg	کا
Sample043/img043-0671.jpg	کا
Sample043/img043-0672.jpg	کا
Sample043/img043-0673.jpg	کا
Sample043/img043-0674.jpg	کا
Sample043/img043-0675.jpg	کا
Sample043/img043-0676.jpg	کا
Sample043/img043-0677.jpg	کا
Sample043/img043-0678.jpg	کا
Sample043/img043-0679.jpg	کا
Sample043/img043-0680.jpg	کا
Sample043/img043-0681.jpg	کا
Sample043/img043-0682.jpg	کا
Sample043/img043-0683.jpg	کا
Sample043/img043-0684.jpg	کا
Sample043/img043-0685.jpg	کا
Sample043/img043-0686.jpg	کا
Sample043/img043-0687.jpg	کا
Sample043/img043-0688.jpg	کا
Sample043/img043-0689.jpg	کا
Sample043/img043-0690.jpg	کا
Sample043/img043-0691.jpg	کا
Sample043/img043-0692.jpg	کا
Sample043/img043-0693.jpg	کا
Sample043/img043-0694.jpg	کا
Sample043/img043-0695.jpg	کا
Sample043/img043-0696.jpg	کا
Sample043/img043-0697.jpg	کا
Sample043/img043-0698.jpg	کا
Sample043/img043-0699.jpg	کا
Sample043/img043-0700.jpg	کا
Sample043/img043-0701.jpg	کا
Sample043/img043-0702.jpg	کا
Sample043/img043-0703.jpg	کا
Sample043/img043-0704.jpg	کا
Sample043/img043-0705.jpg	کا
Sample043/img043-0706.jpg	کا
Sample043/img043-0707.jpg	کا
Sample043/img043-0708.jpg	کا
Sample043/img043-0709.jpg	کا
Sample043/img043-0710.jpg	کا
Sample043/img043-0711.jpg	کا
Sample043/img043-0712.jpg	کا
Sample043/img043-0713.jpg	کا
Sample043/img043-0714.jpg	کا
Sample043/img043-0715.jpg	کا
Sample043/img043-0716.jpg	کا
Sample043/img043-0717.jpg	کا
Sample043/img043-0718.jpg	کا
Sample043/img043-0719.jpg	کا
Sample043/img043-0720.jpg	کا
Sample043/img043-0721.jpg	کا
Sample043/img043-0722.jpg	کا
Sample043/img043-0723.jpg	کا
Sample043/img043-0724.jpg	کا
Sample043/img043-0725.jpg	کا
Sample043/img043-0726.jpg	کا
Sample043/img043-0727.jpg	کا
Sample043/img043-0728.jpg	کا
Sample043/img043-0729.jpg	کا
Sample043/img043-0730.jpg	کا
Sample043/img043-0731.jpg	کا
Sample043/img043-0732.jpg	کا
Sample043/img043-0733.jpg	کا
Sample043/img043-0734.jpg	کا
Sample043/img043-0735.jpg	کا
Sample043/img043-0736.jpg	کا
Sample043/img043-0737.jpg	کا
Sample043/img043-0738.jpg	کا
Sample043/img043-0739.jpg	کا
Sample043/img043-0740.jpg	کا
Sample043/img043-0741.jpg	کا
Sample043/img043-0742.jpg	کا
Sample043/img043-0743.jpg	کا
Sample043/img043-0744.jpg	کا
Sample043/img043-0745.jpg	کا
Sample043/img043-0746.jpg	کا
Sample043/img043-0747.jpg	کا
Sample043/img043-0748.jpg	کا
Sample043/img043-0749.jpg	کا
Sample043/img043-0750.jpg	کا
Sample043/img043-0751.jpg	کا
Sample043/img043-0752.jpg	کا
Sample043/img043-0753.jpg	کا
Sample043/img043-0754.jpg	کا
Sample043/img043-0755.jpg	کا
Sample043/img043-0756.jpg	کا
Sample043/img043-0757.jpg	کا
Sample043/img043-0758.jpg	کا
Sample043/img043-0759.jpg	کا
Sample043/img043-0760.jpg	کا
Sample043/img043-0761.jpg	کا
Sample043/img043-0762.jpg	کا
Sample043/img043-0763.jpg	کا
Sample043/img043-0764.jpg	کا
Sample043/img043-0765.jpg	کا
Sample043/img043-0766.jpg	کا
Sample043/img043-0767.jpg	کا
Sample043/img043-0768.jpg	کا
Sample043/img043-0769.jpg	کا
Sample043/img043-0770.jpg	کا
Sample043/img043-0771.jpg	کا
Sample043/img043-0772.jpg	کا
Sample043/img043-0773.jpg	کا
Sample043/img043-0774.jpg	کے
Sample043/img043-0775.jpg	کے
Sample043/img043-0776.jpg	کے
Sample043/img043-0777.jpg	کے
Sample043/img043-0778.jpg	کے
Sample043/img043-0779.jpg	کے
Sample043/img043-0780.jpg	کے
Sample043/img043-0781.jpg	کے
Sample043/img043-0782.jpg	کے
Sample043/img043-0783.jpg	کے
Sample043/img043-0784.jpg	کے
Sample043/img043-0785.jpg	کے
Sample043/img043-0786.jpg	کے
Sample043/img043-0787.jpg	کے
Sample043/img043-0788.jpg	کے
Sample043/img043-0789.jpg	کے
Sample043/img043-0790.jpg	کے
Sample043/img043-0791.jpg	کے
Sample043/img043-0792.jpg	کے
Sample043/img043-0793.jpg	کے
Sample043/img043-0794.jpg	کے
Sample043/img043-0795.jpg	کے
Sample043/img043-0796.jpg	کے
Sample043/img043-0797.jpg	کے
Sample043/img043-0798.jpg	کے
Sample043/img043-0799.jpg	کے
Sample043/img043-0800.jpg	کے
Sample043/img043-0801.jpg	کے
Sample043/img043-0802.jpg	کے
Sample043/img043-0803.jpg	کے
Sample043/img043-0804.jpg	کے
Sample043/img043-0805.jpg	کے
Sample043/img043-0806.jpg	کے
Sample043/img043-0807.jpg	کے
Sample043/img043-0808.jpg	کے
Sample043/img043-0809.jpg	کے
Sample043/img043-0810.jpg	کے
Sample043/img043-0811.jpg	کے
Sample043/img043-0812.jpg	کے
Sample043/img043-0813.jpg	کے
Sample043/img043-0814.jpg	کے
Sample043/img043-0815.jpg	کے
Sample043/img043-0816.jpg	کے
Sample043/img043-0817.jpg	کے
Sample043/img043-0818.jpg	کے
Sample043/img043-0819.jpg	کے
Sample043/img043-0820.jpg	کے
Sample043/img043-0821.jpg	کے
Sample043/img043-0822.jpg	کے
Sample043/img043-0823.jpg	کے
Sample043/img043-0824.jpg	کے
Sample043/img043-0825.jpg	کے
Sample043/img043-0826.jpg	کے
Sample043/img043-0827.jpg	کے
Sample043/img043-0828.jpg	کے
Sample043/img043-0829.jpg	کے
Sample043/img043-0830.jpg	کے
Sample043/img043-0831.jpg	کے
Sample043/img043-0832.jpg	کے
Sample043/img043-0833.jpg	کے
Sample043/img043-0834.jpg	کے
Sample043/img043-0835.jpg	کے
Sample043/img043-0836.jpg	خا
Sample043/img043-0837.jpg	خا
Sample043/img043-0838.jpg	خا
Sample043/img043-0839.jpg	خا
Sample043/img043-0840.jpg	خا
Sample043/img043-0841.jpg	خا
Sample043/img043-0842.jpg	خا
Sample043/img043-0843.jpg	خا
Sample043/img043-0844.jpg	خا
Sample043/img043-0845.jpg	خا
Sample043/img043-0846.jpg	خا
Sample043/img043-0847.jpg	خا
Sample043/img043-0848.jpg	خا
Sample043/img043-0849.jpg	خا
Sample043/img043-0850.jpg	خا
Sample043/img043-0851.jpg	خا
Sample043/img043-0852.jpg	خا
Sample043/img043-0853.jpg	خا
Sample043/img043-0854.jpg	خا
Sample043/img043-0855.jpg	خا
Sample043/img043-0856.jpg	خا
Sample043/img043-0857.jpg	خا
Sample043/img043-0858.jpg	خو
Sample043/img043-0859.jpg	خو
Sample043/img043-0860.jpg	خو
Sample043/img043-0861.jpg	خو
Sample043/img043-0862.jpg	خو
Sample043/img043-0863.jpg	کی
Sample043/img043-0864.jpg	کی
Sample043/img043-0865.jpg	کی
Sample043/img043-0866.jpg	کی
Sample043/img043-0867.jpg	کی
Sample043/img043-0868.jpg	کی
Sample043/img043-0869.jpg	کی
Sample043/img043-0870.jpg	کی
Sample043/img043-0871.jpg	کی
Sample043/img043-0872.jpg	کی
Sample043/img043-0873.jpg	کی
Sample043/img043-0874.jpg	کی
Sample043/img043-0875.jpg	کی
Sample043/img043-0876.jpg	کی
Sample043/img043-0877.jpg	کی
Sample043/img043-0878.jpg	کی
Sample043/img043-0879.jpg	کی
Sample043/img043-0880.jpg	کی
Sample043/img043-0881.jpg	کی
Sample043/img043-0882.jpg	کی
Sample043/img043-0883.jpg	کی
Sample043/img043-0884.jpg	کی
Sample043/img043-0885.jpg	کی
Sample043/img043-0886.jpg	کی
Sample043/img043-0887.jpg	کی
Sample043/img043-0888.jpg	کی
Sample043/img043-0889.jpg	کی
Sample043/img043-0890.jpg	کی
Sample043/img043-0891.jpg	کی
Sample043/img043-0892.jpg	کی
Sample043/img043-0893.jpg	کی
Sample043/img043-0894.jpg	کی
Sample043/img043-0895.jpg	کی
Sample043/img043-0896.jpg	کی
Sample043/img043-0897.jpg	کی
Sample043/img043-0898.jpg	کی
Sample043/img043-0899.jpg	کی
Sample043/img043-0900.jpg	کی
Sample043/img043-0901.jpg	کی
Sample043/img043-0902.jpg	کی
Sample043/img043-0903.jpg	کی
Sample043/img043-0904.jpg	کی
Sample043/img043-0905.jpg	کی
Sample043/img043-0906.jpg	کی
Sample043/img043-0907.jpg	کی
Sample043/img043-0908.jpg	کی
Sample043/img043-0909.jpg	کی
Sample043/img043-0910.jpg	کی
Sample043/img043-0911.jpg	کی
Sample043/img043-0912.jpg	کی
Sample043/img043-0913.jpg	کی
Sample043/img043-0914.jpg	کی
Sample043/img043-0915.jpg	کی
Sample043/img043-0916.jpg	کی
Sample043/img043-0917.jpg	کی
Sample043/img043-0918.jpg	کی
Sample043/img043-0919.jpg	کی
Sample043/img043-0920.jpg	کی
Sample043/img043-0921.jpg	کی
Sample043/img043-0922.jpg	کو
Sample043/img043-0923.jpg	کو
Sample043/img043-0924.jpg	کو
Sample043/img043-0925.jpg	کو
Sample043/img043-0926.jpg	کو
Sample043/img043-0927.jpg	کو
Sample043/img043-0928.jpg	کو
Sample043/img043-0929.jpg	کو
Sample043/img043-0930.jpg	کو
Sample043/img043-0931.jpg	کو
Sample043/img043-0932.jpg	کو
Sample043/img043-0933.jpg	کو
Sample043/img043-0934.jpg	کو
Sample043/img043-0935.jpg	کو
Sample043/img043-0936.jpg	کو
Sample043/img043-0937.jpg	کو
Sample043/img043-0938.jpg	کو
Sample043/img043-0939.jpg	کو
Sample043/img043-0940.jpg	کو
Sample043/img043-0941.jpg	کو
Sample043/img043-0942.jpg	کو
Sample043/img043-0943.jpg	کو
Sample043/img043-0944.jpg	کو
Sample043/img043-0945.jpg	کو
Sample043/img043-0946.jpg	کو
Sample043/img043-0947.jpg	کو
Sample043/img043-0948.jpg	کو
Sample043/img043-0949.jpg	کو
Sample043/img043-0950.jpg	کو
Sample043/img043-0951.jpg	کو
Sample043/img043-0952.jpg	کو
Sample043/img043-0953.jpg	کو
Sample043/img043-0954.jpg	کو
Sample043/img043-0955.jpg	کو
Sample043/img043-0956.jpg	کو
Sample043/img043-0957.jpg	کو
Sample043/img043-0958.jpg	کو
Sample043/img043-0959.jpg	کو
Sample043/img043-0960.jpg	کو
Sample043/img043-0961.jpg	کو
Sample043/img043-0962.jpg	کو
Sample043/img043-0963.jpg	کو
Sample043/img043-0964.jpg	کو
Sample043/img043-0965.jpg	کو
Sample043/img043-0966.jpg	کو
Sample043/img043-0967.jpg	کو
Sample043/img043-0968.jpg	کو
Sample043/img043-0969.jpg	کو
Sample043/img043-0970.jpg	کو
Sample043/img043-0971.jpg	کو
Sample043/img043-0972.jpg	کو
Sample043/img043-0973.jpg	کو
Sample043/img043-0974.jpg	لا
Sample043/img043-0975.jpg	لا
Sample043/img043-0976.jpg	لا
Sample043/img043-0977.jpg	لا
Sample043/img043-0978.jpg	لا
Sample043/img043-0979.jpg	لا
Sample043/img043-0980.jpg	لا
Sample043/img043-0981.jpg	لا
Sample043/img043-0982.jpg	لا
Sample043/img043-0983.jpg	لا
Sample043/img043-0984.jpg	لا
Sample043/img043-0985.jpg	لا
Sample043/img043-0986.jpg	لا
Sample043/img043-0987.jpg	لا
Sample043/img043-0988.jpg	لا
Sample043/img043-0989.jpg	لا
Sample043/img043-0990.jpg	لا
Sample043/img043-0991.jpg	لا
Sample043/img043-0992.jpg	لا
Sample043/img043-0993.jpg	لا
Sample043/img043-0994.jpg	لا
Sample043/img043-0995.jpg	لا
Sample043/img043-0996.jpg	لا
Sample043/img043-0997.jpg	لا
Sample043/img043-0998.jpg	لا
Sample043/img043-0999.jpg	لا
Sample038/img038-1000.jpg	لا
Sample038/img038-1001.jpg	لا
Sample038/img038-1002.jpg	لا
Sample038/img038-1003.jpg	لا
Sample038/img038-1004.jpg	لا
Sample038/img038-1005.jpg	لا
Sample038/img038-1006.jpg	لا
Sample038/img038-1007.jpg	لا
Sample038/img038-1008.jpg	لا
Sample038/img038-1009.jpg	لا
Sample038/img038-1010.jpg	لا
Sample038/img038-1011.jpg	لا
Sample038/img038-1012.jpg	لا
Sample038/img038-1013.jpg	لا
Sample038/img038-1014.jpg	لا
Sample038/img038-1015.jpg	لا
Sample038/img038-1016.jpg	لا
Sample038/img038-1017.jpg	لا
Sample038/img038-1018.jpg	لا
Sample038/img038-1019.jpg	لا
Sample038/img038-1020.jpg	لا
Sample038/img038-1021.jpg	لا
Sample038/img038-1022.jpg	لا
Sample038/img038-1023.jpg	لا
Sample038/img038-1024.jpg	لا
Sample038/img038-1025.jpg	لا
Sample038/img038-1026.jpg	لا
Sample038/img038-1027.jpg	لا
Sample038/img038-1028.jpg	لا
Sample038/img038-1029.jpg	لا
Sample038/img038-1030.jpg	لا
Sample038/img038-1031.jpg	لا
Sample038/img038-1032.jpg	لا
Sample038/img038-1033.jpg	لا
Sample038/img038-1034.jpg	لا
Sample038/img038-1035.jpg	لا
Sample038/img038-1036.jpg	لا
Sample038/img038-1037.jpg	لا
Sample038/img038-1038.jpg	لا
Sample038/img038-1039.jpg	لا
Sample038/img038-1040.jpg	لا
Sample038/img038-1041.jpg	لا
Sample038/img038-1042.jpg	لا
Sample038/img038-1043.jpg	لا
Sample038/img038-1044.jpg	لا
Sample038/img038-1045.jpg	لا
Sample038/img038-1046.jpg	لا
Sample038/img038-1047.jpg	لا
Sample038/img038-1048.jpg	لا
Sample038/img038-1049.jpg	لا
Sample038/img038-1050.jpg	لا
Sample038/img038-1051.jpg	لا
Sample038/img038-1052.jpg	لا
Sample038/img038-1053.jpg	لا
Sample038/img038-1054.jpg	لا
Sample038/img038-1055.jpg	لا
Sample038/img038-1056.jpg	لا
Sample038/img038-1057.jpg	لا
Sample038/img038-1058.jpg	لا
Sample038/img038-1059.jpg	لا
Sample038/img038-1060.jpg	لا
Sample038/img038-1061.jpg	لے
Sample038/img038-1062.jpg	لے
Sample038/img038-1063.jpg	لے
Sample038/img038-1064.jpg	لے
Sample038/img038-1065.jpg	لے
Sample038/img038-1066.jpg	لے
Sample038/img038-1067.jpg	لے
Sample038/img038-1068.jpg	لے
Sample038/img038-1069.jpg	لے
Sample038/img038-1070.jpg	لے
Sample038/img038-1071.jpg	لے
Sample038/img038-1072.jpg	لے
Sample038/img038-1073.jpg	لے
Sample038/img038-1074.jpg	لی
Sample038/img038-1075.jpg	لی
Sample038/img038-1076.jpg	لی
Sample038/img038-1077.jpg	لی
Sample038/img038-1078.jpg	لی
Sample038/img038-1079.jpg	لی
Sample038/img038-1080.jpg	لی
Sample038/img038-1081.jpg	لی
Sample038/img038-1082.jpg	لی
Sample038/img038-1083.jpg	لی
Sample038/img038-1084.jpg	لی
Sample038/img038-1085.jpg	لی
Sample038/img038-1086.jpg	لی
Sample038/img038-1087.jpg	لی
Sample038/img038-1088.jpg	لی
Sample038/img038-1089.jpg	لی
Sample038/img038-1090.jpg	لی
Sample038/img038-1091.jpg	لی
Sample038/img038-1092.jpg	لی
Sample038/img038-1093.jpg	لی
Sample038/img038-1094.jpg	لی
Sample038/img038-1095.jpg	لی
Sample038/img038-1096.jpg	لی
Sample038/img038-1097.jpg	لی
Sample038/img038-1098.jpg	لی
Sample038/img038-1099.jpg	لی
Sample038/img038-1100.jpg	لی
Sample038/img038-1101.jpg	لی
Sample038/img038-1102.jpg	لو
Sample038/img038-1103.jpg	لو
Sample038/img038-1104.jpg	لو
Sample038/img038-1105.jpg	لو
Sample038/img038-1106.jpg	لو
Sample038/img038-1107.jpg	لو
Sample038/img038-1108.jpg	لو
Sample038/img038-1109.jpg	لو
Sample038/img038-1110.jpg	لو
Sample038/img038-1111.jpg	لو
Sample038/img038-1112.jpg	لو
Sample038/img038-1113.jpg	لو
Sample038/img038-1114.jpg	لو
Sample038/img038-1115.jpg	لو
Sample038/img038-1116.jpg	لو
Sample038/img038-1117.jpg	لو
Sample038/img038-1118.jpg	لو
Sample038/img038-1119.jpg	لو
Sample038/img038-1120.jpg	لو
Sample038/img038-1121.jpg	لو
Sample038/img038-1122.jpg	لو
Sample038/img038-1123.jpg	لو
Sample038/img038-1124.jpg	ما
Sample038/img038-1125.jpg	ما
Sample038/img038-1126.jpg	ما
Sample038/img038-1127.jpg	ما
Sample038/img038-1128.jpg	ما
Sample038/img038-1129.jpg	ما
Sample038/img038-1130.jpg	ما
Sample038/img038-1131.jpg	ما
Sample038/img038-1132.jpg	ما
Sample038/img038-1133.jpg	ما
Sample038/img038-1134.jpg	ما
Sample038/img038-1135.jpg	ما
Sample038/img038-1136.jpg	ما
Sample038/img038-1137.jpg	ما
Sample038/img038-1138.jpg	ما
Sample038/img038-1139.jpg	ما
Sample038/img038-1140.jpg	ما
Sample038/img038-1141.jpg	ما
Sample038/img038-1142.jpg	ما
Sample038/img038-1143.jpg	ما
Sample038/img038-1144.jpg	ما
Sample038/img038-1145.jpg	ما
Sample038/img038-1146.jpg	ما
Sample038/img038-1147.jpg	ما
Sample038/img038-1148.jpg	ما
Sample038/img038-1149.jpg	ما
Sample038/img038-1150.jpg	ما
Sample038/img038-1151.jpg	ما
Sample038/img038-1152.jpg	ما
Sample038/img038-1153.jpg	ما
Sample038/img038-1154.jpg	ما
Sample038/img038-1155.jpg	ما
Sample038/img038-1156.jpg	ما
Sample038/img038-1157.jpg	ما
Sample038/img038-1158.jpg	ما
Sample038/img038-1159.jpg	ما
Sample038/img038-1160.jpg	ما
Sample038/img038-1161.jpg	ما
Sample038/img038-1162.jpg	ما
Sample038/img038-1163.jpg	ما
Sample038/img038-1164.jpg	ما
Sample038/img038-1165.jpg	ما
Sample038/img038-1166.jpg	ما
Sample038/img038-1167.jpg	ما
Sample038/img038-1168.jpg	ما
Sample038/img038-1169.jpg	ما
Sample038/img038-1170.jpg	ما
Sample038/img038-1171.jpg	ما
Sample038/img038-1172.jpg	ما
Sample038/img038-1173.jpg	ما
Sample038/img038-1174.jpg	ما
Sample038/img038-1175.jpg	می
Sample038/img038-1176.jpg	می
Sample038/img038-1177.jpg	می
Sample038/img038-1178.jpg	می
Sample038/img038-1179.jpg	می
Sample038/img038-1180.jpg	می
Sample038/img038-1181.jpg	مو
Sample038/img038-1182.jpg	مو
Sample038/img038-1183.jpg	مو
Sample038/img038-1184.jpg	مو
Sample038/img038-1185.jpg	مو
Sample038/img038-1186.jpg	مو
Sample038/img038-1187.jpg	مو
Sample038/img038-1188.jpg	مو
Sample038/img038-1189.jpg	مو
Sample038/img038-1190.jpg	مو
Sample038/img038-1191.jpg	مو
Sample038/img038-1192.jpg	مو
Sample038/img038-1193.jpg	مو
Sample038/img038-1194.jpg	مو
Sample038/img038-1195.jpg	نا
Sample038/img038-1196.jpg	نا
Sample038/img038-1197.jpg	نا
Sample038/img038-1198.jpg	نا
Sample038/img038-1199.jpg	نا
Sample038/img038-1200.jpg	نا
Sample038/img038-1201.jpg	نا
Sample038/img038-1202.jpg	نا
Sample038/img038-1203.jpg	نا
Sample038/img038-1204.jpg	نا
Sample038/img038-1205.jpg	نا
Sample038/img038-1206.jpg	نا
Sample038/img038-1207.jpg	نا
Sample038/img038-1208.jpg	نا
Sample038/img038-1209.jpg	نا
Sample038/img038-1210.jpg	نا
Sample038/img038-1211.jpg	نا
Sample038/img038-1212.jpg	نا
Sample038/img038-1213.jpg	نا
Sample038/img038-1214.jpg	نا
Sample038/img038-1215.jpg	نا
Sample038/img038-1216.jpg	نا
Sample038/img038-1217.jpg	نا
Sample038/img038-1218.jpg	نا
Sample038/img038-1219.jpg	نا
Sample038/img038-1220.jpg	نا
Sample038/img038-1221.jpg	نا
Sample038/img038-1222.jpg	نا
Sample038/img038-1223.jpg	نا
Sample038/img038-1224.jpg	نا
Sample038/img038-1225.jpg	نا
Sample038/img038-1226.jpg	نا
Sample038/img038-1227.jpg	نا
Sample038/img038-1228.jpg	نا
Sample038/img038-1229.jpg	نا
Sample038/img038-1230.jpg	نا
Sample038/img038-1231.jpg	نا
Sample038/img038-1232.jpg	نا
Sample038/img038-1233.jpg	نا
Sample038/img038-1234.jpg	نا
Sample038/img038-1235.jpg	نا
Sample038/img038-1236.jpg	نا
Sample038/img038-1237.jpg	نا
Sample038/img038-1238.jpg	نا
Sample038/img038-1239.jpg	نا
Sample038/img038-1240.jpg	نا
Sample038/img038-1241.jpg	نا
Sample038/img038-1242.jpg	نا
Sample038/img038-1243.jpg	نا
Sample038/img038-1244.jpg	نا
Sample038/img038-1245.jpg	نا
Sample038/img038-1246.jpg	نا
Sample038/img038-1247.jpg	نا
Sample038/img038-1248.jpg	نا
Sample038/img038-1249.jpg	نا
Sample038/img038-1250.jpg	نا
Sample038/img038-1251.jpg	نے
Sample038/img038-1252.jpg	نے
Sample038/img038-1253.jpg	نے
Sample038/img038-1254.jpg	نے
Sample038/img038-1255.jpg	نے
Sample038/img038-1256.jpg	نے
Sample038/img038-1257.jpg	نے
Sample038/img038-1258.jpg	نے
Sample038/img038-1259.jpg	نے
Sample038/img038-1260.jpg	نے
Sample038/img038-1261.jpg	نے
Sample038/img038-1262.jpg	نے
Sample038/img038-1263.jpg	نے
Sample038/img038-1264.jpg	نے
Sample038/img038-1265.jpg	نے
Sample038/img038-1266.jpg	نے
Sample038/img038-1267.jpg	نے
Sample038/img038-1268.jpg	نے
Sample038/img038-1269.jpg	نے
Sample038/img038-1270.jpg	نے
Sample038/img038-1271.jpg	نے
Sample038/img038-1272.jpg	نے
Sample038/img038-1273.jpg	نے
Sample038/img038-1274.jpg	نے
Sample038/img038-1275.jpg	نے
Sample038/img038-1276.jpg	نے
Sample038/img038-1277.jpg	نے
Sample038/img038-1278.jpg	نے
Sample038/img038-1279.jpg	نے
Sample038/img038-1280.jpg	نے
Sample038/img038-1281.jpg	نے
Sample038/img038-1282.jpg	نے
Sample038/img038-1283.jpg	نے
Sample038/img038-1284.jpg	نے
Sample038/img038-1285.jpg	نے
Sample038/img038-1286.jpg	نے
Sample038/img038-1287.jpg	نے
Sample038/img038-1288.jpg	نی
Sample038/img038-1289.jpg	نی
Sample038/img038-1290.jpg	نی
Sample038/img038-1291.jpg	نی
Sample038/img038-1292.jpg	نی
Sample038/img038-1293.jpg	نی
Sample038/img038-1294.jpg	نی
Sample038/img038-1295.jpg	نی
Sample038/img038-1296.jpg	نی
Sample038/img038-1297.jpg	نی
Sample038/img038-1298.jpg	نی
Sample038/img038-1299.jpg	نی
Sample038/img038-1300.jpg	نی
Sample038/img038-1301.jpg	نی
Sample038/img038-1302.jpg	نی
Sample038/img038-1303.jpg	نی
Sample038/img038-1304.jpg	نی
Sample038/img038-1305.jpg	نی
Sample038/img038-1306.jpg	نی
Sample038/img038-1307.jpg	نی
Sample038/img038-1308.jpg	نی
Sample038/img038-1309.jpg	نی
Sample038/img038-1310.jpg	نی
Sample038/img038-1311.jpg	نی
Sample038/img038-1312.jpg	نی
Sample038/img038-1313.jpg	نی
Sample038/img038-1314.jpg	نی
Sample038/img038-1315.jpg	نی
Sample038/img038-1316.jpg	نی
Sample038/img038-1317.jpg	نی
Sample038/img038-1318.jpg	نی
Sample038/img038-1319.jpg	نی
Sample038/img038-1320.jpg	نی
Sample038/img038-1321.jpg	نو
Sample038/img038-1322.jpg	نو
Sample038/img038-1323.jpg	نو
Sample038/img038-1324.jpg	نو
Sample038/img038-1325.jpg	نو
Sample038/img038-1326.jpg	نو
Sample038/img038-1327.jpg	نو
Sample038/img038-1328.jpg	نو
Sample038/img038-1329.jpg	نو
Sample038/img038-1330.jpg	نو
Sample038/img038-1331.jpg	نو
Sample038/img038-1332.jpg	نو
Sample038/img038-1333.jpg	نو
Sample038/img038-1334.jpg	نو
Sample038/img038-1335.jpg	نو
Sample038/img038-1336.jpg	نو
Sample038/img038-1337.jpg	نو
Sample038/img038-1338.jpg	نو
Sample038/img038-1339.jpg	پا
Sample038/img038-1340.jpg	پا
Sample038/img038-1341.jpg	پا
Sample038/img038-1342.jpg	پا
Sample038/img038-1343.jpg	پا
Sample038/img038-1344.jpg	پا
Sample038/img038-1345.jpg	پا
Sample038/img038-1346.jpg	پا
Sample038/img038-1347.jpg	پا
Sample038/img038-1348.jpg	پا
Sample038/img038-1349.jpg	پا
Sample038/img038-1350.jpg	پا
Sample038/img038-1351.jpg	پا
Sample038/img038-1352.jpg	پا
Sample038/img038-1353.jpg	پا
Sample038/img038-1354.jpg	پا
Sample038/img038-1355.jpg	پا
Sample038/img038-1356.jpg	پا
Sample038/img038-1357.jpg	پا
Sample038/img038-1358.jpg	پا
Sample038/img038-1359.jpg	پا
Sample038/img038-1360.jpg	پا
Sample038/img038-1361.jpg	پا
Sample038/img038-1362.jpg	پا
Sample038/img038-1363.jpg	پا
Sample038/img038-1364.jpg	پا
Sample038/img038-1365.jpg	پا
Sample038/img038-1366.jpg	پا
Sample038/img038-1367.jpg	پا
Sample038/img038-1368.jpg	پا
Sample038/img038-1369.jpg	پا
Sample038/img038-1370.jpg	پا
Sample038/img038-1371.jpg	پا
Sample038/img038-1372.jpg	پا
Sample038/img038-1373.jpg	پا
Sample038/img038-1374.jpg	پا
Sample038/img038-1375.jpg	پا
Sample038/img038-1376.jpg	پا
Sample038/img038-1377.jpg	پا
Sample038/img038-1378.jpg	پا
Sample038/img038-1379.jpg	پا
Sample038/img038-1380.jpg	پا
Sample038/img038-1381.jpg	پا
Sample038/img038-1382.jpg	پا
Sample038/img038-1383.jpg	پا
Sample038/img038-1384.jpg	پا
Sample038/img038-1385.jpg	پا
Sample038/img038-1386.jpg	پی
Sample038/img038-1387.jpg	پی
Sample038/img038-1388.jpg	پی
Sample038/img038-1389.jpg	پی
Sample038/img038-1390.jpg	پی
Sample038/img038-1391.jpg	پی
Sample038/img038-1392.jpg	پی
Sample038/img038-1393.jpg	پی
Sample038/img038-1394.jpg	پو
Sample038/img038-1395.jpg	پو
Sample038/img038-1396.jpg	پو
Sample038/img038-1397.jpg	پو
Sample038/img038-1398.jpg	پو
Sample038/img038-1399.jpg	پو
Sample038/img038-1400.jpg	پو
Sample038/img038-1401.jpg	پو
Sample038/img038-1402.jpg	پو
Sample038/img038-1403.jpg	پو
Sample038/img038-1404.jpg	پو
Sample038/img038-1405.jpg	پو
Sample038/img038-1406.jpg	پو
Sample038/img038-1407.jpg	پو
Sample038/img038-1408.jpg	پو
Sample038/img038-1409.jpg	پو
Sample038/img038-1410.jpg	پو
Sample038/img038-1411.jpg	پو
Sample038/img038-1412.jpg	پو
Sample038/img038-1413.jpg	پو
Sample038/img038-1414.jpg	پو
Sample038/img038-1415.jpg	پو
Sample038/img038-1416.jpg	پو
Sample038/img038-1417.jpg	پو
Sample038/img038-1418.jpg	پو
Sample038/img038-1419.jpg	پو
Sample038/img038-1420.jpg	پو
Sample038/img038-1421.jpg	پو
Sample038/img038-1422.jpg	پو
Sample038/img038-1423.jpg	قا
Sample038/img038-1424.jpg	قا
Sample038/img038-1425.jpg	قا
Sample038/img038-1426.jpg	قا
Sample038/img038-1427.jpg	قا
Sample038/img038-1428.jpg	قا
Sample038/img038-1429.jpg	قا
Sample038/img038-1430.jpg	قا
Sample038/img038-1431.jpg	سا
Sample038/img038-1432.jpg	سا
Sample038/img038-1433.jpg	سا
Sample038/img038-1434.jpg	سا
Sample038/img038-1435.jpg	سا
Sample038/img038-1436.jpg	سا
Sample038/img038-1437.jpg	سا
Sample038/img038-1438.jpg	سا
Sample038/img038-1439.jpg	سا
Sample038/img038-1440.jpg	سا
Sample038/img038-1441.jpg	سا
Sample038/img038-1442.jpg	سا
Sample038/img038-1443.jpg	سا
Sample038/img038-1444.jpg	سا
Sample038/img038-1445.jpg	سا
Sample038/img038-1446.jpg	سا
Sample038/img038-1447.jpg	سا
Sample038/img038-1448.jpg	سا
Sample038/img038-1449.jpg	سا
Sample038/img038-1450.jpg	سا
Sample038/img038-1451.jpg	سا
Sample038/img038-1452.jpg	سا
Sample038/img038-1453.jpg	سا
Sample038/img038-1454.jpg	سا
Sample038/img038-1455.jpg	سا
Sample038/img038-1456.jpg	سا
Sample038/img038-1457.jpg	سا
Sample038/img038-1458.jpg	سا
Sample038/img038-1459.jpg	سے
Sample038/img038-1460.jpg	سے
Sample038/img038-1461.jpg	سے
Sample038/img038-1462.jpg	سے
Sample038/img038-1463.jpg	سے
Sample038/img038-1464.jpg	سے
Sample038/img038-1465.jpg	سے
Sample038/img038-1466.jpg	سے
Sample038/img038-1467.jpg	سے
Sample038/img038-1468.jpg	سے
Sample038/img038-1469.jpg	سے
Sample038/img038-1470.jpg	سے
Sample038/img038-1471.jpg	سے
Sample038/img038-1472.jpg	سے
Sample038/img038-1473.jpg	سے
Sample038/img038-1474.jpg	سے
Sample038/img038-1475.jpg	سے
Sample038/img038-1476.jpg	سے
Sample038/img038-1477.jpg	سے
Sample038/img038-1478.jpg	سے
Sample038/img038-1479.jpg	سے
Sample038/img038-1480.jpg	سے
Sample038/img038-1481.jpg	سے
Sample038/img038-1482.jpg	سے
Sample038/img038-1483.jpg	سے
Sample038/img038-1484.jpg	سے
Sample038/img038-1485.jpg	سے
Sample038/img038-1486.jpg	سے
Sample038/img038-1487.jpg	سے
Sample038/img038-1488.jpg	سے
Sample038/img038-1489.jpg	سے
Sample038/img038-1490.jpg	سے
Sample038/img038-1491.jpg	سے
Sample038/img038-1492.jpg	سے
Sample038/img038-1493.jpg	سے
Sample038/img038-1494.jpg	سے
Sample038/img038-1495.jpg	سے
Sample038/img038-1496.jpg	سے
Sample038/img038-1497.jpg	سے
Sample038/img038-1498.jpg	شا
Sample038/img038-1499.jpg	شا
Sample038/img038-1500.jpg	شا
Sample038/img038-1501.jpg	شا
Sample038/img038-1502.jpg	شا
Sample038/img038-1503.jpg	شا
Sample038/img038-1504.jpg	شا
Sample038/img038-1505.jpg	شا
Sample038/img038-1506.jpg	شا
Sample038/img038-1507.jpg	شا
Sample038/img038-1508.jpg	شا
Sample038/img038-1509.jpg	شا
Sample038/img038-1510.jpg	شا
Sample038/img038-1511.jpg	شا
Sample038/img038-1512.jpg	شا
Sample038/img038-1513.jpg	شا
Sample038/img038-1514.jpg	شا
Sample038/img038-1515.jpg	شا
Sample038/img038-1516.jpg	شا
Sample038/img038-1517.jpg	شا
Sample038/img038-1518.jpg	شا
Sample038/img038-1519.jpg	شا
Sample038/img038-1520.jpg	شا
Sample038/img038-1521.jpg	شا
Sample038/img038-1522.jpg	شا
Sample038/img038-1523.jpg	شا
Sample038/img038-1524.jpg	شا
Sample038/img038-1525.jpg	شا
Sample038/img038-1526.jpg	شا
Sample038/img038-1527.jpg	شا
Sample038/img038-1528.jpg	شا
Sample038/img038-1529.jpg	شا
Sample038/img038-1530.jpg	شا
Sample038/img038-1531.jpg	شا
Sample038/img038-1532.jpg	شا
Sample038/img038-1533.jpg	شا
Sample038/img038-1534.jpg	شا
Sample038/img038-1535.jpg	شا
Sample038/img038-1536.jpg	شا
Sample038/img038-1537.jpg	شا
Sample038/img038-1538.jpg	شا
Sample038/img038-1539.jpg	شا
Sample038/img038-1540.jpg	شا
Sample038/img038-1541.jpg	شا
Sample038/img038-1542.jpg	شا
Sample038/img038-1543.jpg	شا
Sample038/img038-1544.jpg	شا
Sample038/img038-1545.jpg	شا
Sample038/img038-1546.jpg	شا
Sample038/img038-1547.jpg	شا
Sample038/img038-1548.jpg	شا
Sample038/img038-1549.jpg	شا
Sample038/img038-1550.jpg	شا
Sample038/img038-1551.jpg	شا
Sample038/img038-1552.jpg	شا
Sample038/img038-1553.jpg	شا
Sample038/img038-1554.jpg	شا
Sample038/img038-1555.jpg	شی
Sample038/img038-1556.jpg	شی
Sample038/img038-1557.jpg	شی
Sample038/img038-1558.jpg	شی
Sample038/img038-1559.jpg	شی
Sample038/img038-1560.jpg	شو
Sample038/img038-1561.jpg	شو
Sample038/img038-1562.jpg	شو
Sample038/img038-1563.jpg	شو
Sample038/img038-1564.jpg	شو
Sample038/img038-1565.jpg	شو
Sample038/img038-1566.jpg	شو
Sample038/img038-1567.jpg	سی
Sample038/img038-1568.jpg	سی
Sample038/img038-1569.jpg	سی
Sample038/img038-1570.jpg	سی
Sample038/img038-1571.jpg	سی
Sample038/img038-1572.jpg	سی
Sample038/img038-1573.jpg	سی
Sample038/img038-1574.jpg	سی
Sample038/img038-1575.jpg	سی
Sample038/img038-1576.jpg	سی
Sample038/img038-1577.jpg	سو
Sample038/img038-1578.jpg	سو
Sample038/img038-1579.jpg	سو
Sample038/img038-1580.jpg	سو
Sample038/img038-1581.jpg	سو
Sample038/img038-1582.jpg	سو
Sample038/img038-1583.jpg	سو
Sample038/img038-1584.jpg	سو
Sample038/img038-1585.jpg	سو
Sample038/img038-1586.jpg	سو
Sample038/img038-1587.jpg	سو
Sample038/img038-1588.jpg	سو
Sample038/img038-1589.jpg	سو
Sample038/img038-1590.jpg	تا
Sample038/img038-1591.jpg	تا
Sample038/img038-1592.jpg	تا
Sample038/img038-1593.jpg	تا
Sample038/img038-1594.jpg	تا
Sample038/img038-1595.jpg	تا
Sample038/img038-1596.jpg	تا
Sample038/img038-1597.jpg	تا
Sample038/img038-1598.jpg	تا
Sample038/img038-1599.jpg	تا
Sample038/img038-1600.jpg	تا
Sample038/img038-1601.jpg	تا
Sample038/img038-1602.jpg	تا
Sample038/img038-1603.jpg	تا
Sample038/img038-1604.jpg	تا
Sample038/img038-1605.jpg	تا
Sample038/img038-1606.jpg	تا
Sample038/img038-1607.jpg	تا
Sample038/img038-1608.jpg	تا
Sample038/img038-1609.jpg	تا
Sample038/img038-1610.jpg	تا
Sample038/img038-1611.jpg	تا
Sample038/img038-1612.jpg	تا
Sample038/img038-1613.jpg	تا
Sample038/img038-1614.jpg	تا
Sample038/img038-1615.jpg	تا
Sample038/img038-1616.jpg	تا
Sample038/img038-1617.jpg	تا
Sample038/img038-1618.jpg	تا
Sample038/img038-1619.jpg	تا
Sample038/img038-1620.jpg	تا
Sample038/img038-1621.jpg	تا
Sample038/img038-1622.jpg	تا
Sample038/img038-1623.jpg	تا
Sample038/img038-1624.jpg	تا
Sample038/img038-1625.jpg	تا
Sample038/img038-1626.jpg	تا
Sample038/img038-1627.jpg	تا
Sample038/img038-1628.jpg	تا
Sample038/img038-1629.jpg	تا
Sample038/img038-1630.jpg	تا
Sample038/img038-1631.jpg	تا
Sample038/img038-1632.jpg	تا
Sample038/img038-1633.jpg	تا
Sample038/img038-1634.jpg	تا
Sample038/img038-1635.jpg	تا
Sample038/img038-1636.jpg	تے
Sample038/img038-1637.jpg	تے
Sample038/img038-1638.jpg	تے
Sample038/img038-1639.jpg	تے
Sample038/img038-1640.jpg	تے
Sample038/img038-1641.jpg	تے
Sample038/img038-1642.jpg	تے
Sample038/img038-1643.jpg	تے
Sample038/img038-1644.jpg	تے
Sample038/img038-1645.jpg	تے
Sample038/img038-1646.jpg	تے
Sample038/img038-1647.jpg	تے
Sample038/img038-1648.jpg	تے
Sample038/img038-1649.jpg	تے
Sample038/img038-1650.jpg	تے
Sample038/img038-1651.jpg	تے
Sample038/img038-1652.jpg	تے
Sample038/img038-1653.jpg	تی
Sample038/img038-1654.jpg	تی
Sample038/img038-1655.jpg	تی
Sample038/img038-1656.jpg	تی
Sample038/img038-1657.jpg	تی
Sample038/img038-1658.jpg	تی
Sample038/img038-1659.jpg	تی
Sample038/img038-1660.jpg	تو
Sample038/img038-1661.jpg	تو
Sample038/img038-1662.jpg	تو
Sample038/img038-1663.jpg	تو
Sample038/img038-1664.jpg	تو
Sample038/img038-1665.jpg	تو
Sample038/img038-1666.jpg	تو
Sample038/img038-1667.jpg	تو
Sample038/img038-1668.jpg	تو
Sample038/img038-1669.jpg	تو
Sample038/img038-1670.jpg	تو
Sample038/img038-1671.jpg	تو
Sample038/img038-1672.jpg	تو
Sample038/img038-1673.jpg	تو
Sample038/img038-1674.jpg	تو
Sample038/img038-1675.jpg	طا
Sample038/img038-1676.jpg	طا
Sample038/img038-1677.jpg	طا
Sample038/img038-1678.jpg	طا
Sample038/img038-1679.jpg	طا
Sample038/img038-1680.jpg	طا
Sample038/img038-1681.jpg	طا
Sample038/img038-1682.jpg	طا
Sample038/img038-1683.jpg	طو
Sample038/img038-1684.jpg	طو
Sample038/img038-1685.jpg	طو
Sample038/img038-1686.jpg	طو
Sample038/img038-1687.jpg	طو
Sample038/img038-1688.jpg	طو
Sample038/img038-1689.jpg	طو
Sample038/img038-1690.jpg	طو
Sample038/img038-1691.jpg	ٹا
Sample038/img038-1692.jpg	ٹا
Sample038/img038-1693.jpg	ٹا
Sample038/img038-1694.jpg	ٹا
Sample038/img038-1695.jpg	ٹا
Sample038/img038-1696.jpg	ٹا
Sample038/img038-1697.jpg	ٹا
Sample038/img038-1698.jpg	ٹا
Sample038/img038-1699.jpg	ٹا
Sample038/img038-1700.jpg	ٹا
Sample038/img038-1701.jpg	ٹا
Sample038/img038-1702.jpg	ٹا
Sample038/img038-1703.jpg	ٹا
Sample038/img038-1704.jpg	ٹا
Sample038/img038-1705.jpg	ٹا
Sample038/img038-1706.jpg	ٹا
Sample038/img038-1707.jpg	ٹا
Sample038/img038-1708.jpg	ٹا
Sample038/img038-1709.jpg	ٹا
Sample038/img038-1710.jpg	ٹا
Sample038/img038-1711.jpg	ٹا
Sample038/img038-1712.jpg	ٹا
Sample038/img038-1713.jpg	ٹا
Sample038/img038-1714.jpg	ٹی
Sample038/img038-1715.jpg	ٹی
Sample038/img038-1716.jpg	ٹی
Sample038/img038-1717.jpg	ٹی
Sample038/img038-1718.jpg	ٹی
Sample038/img038-1719.jpg	ٹی
Sample038/img038-1720.jpg	ٹی
Sample038/img038-1721.jpg	ٹی
Sample038/img038-1722.jpg	ٹی
Sample038/img038-1723.jpg	ٹی
Sample038/img038-1724.jpg	ٹی
Sample038/img038-1725.jpg	ٹی
Sample038/img038-1726.jpg	ٹی
Sample038/img038-1727.jpg	ٹی
Sample038/img038-1728.jpg	ٹو
Sample038/img038-1729.jpg	ٹو
Sample038/img038-1730.jpg	ٹو
Sample038/img038-1731.jpg	ٹو
Sample038/img038-1732.jpg	ٹو
Sample038/img038-1733.jpg	ٹو
Sample038/img038-1734.jpg	ٹو
Sample038/img038-1735.jpg	ٹو
Sample038/img038-1736.jpg	ٹو
Sample038/img038-1737.jpg	ٹو
Sample038/img038-1738.jpg	ٹو
Sample038/img038-1739.jpg	ٹو
Sample038/img038-1740.jpg	ٹو
Sample038/img038-1741.jpg	ٹو
Sample038/img038-1742.jpg	ٹو
Sample038/img038-1743.jpg	ٹو
Sample038/img038-1744.jpg	ٹو
Sample038/img038-1745.jpg	ٹو
Sample038/img038-1746.jpg	ٹو
Sample038/img038-1747.jpg	ٹو
Sample038/img038-1748.jpg	ٹو
Sample038/img038-1749.jpg	یا
Sample038/img038-1750.jpg	یا
Sample038/img038-1751.jpg	یا
Sample038/img038-1752.jpg	یا
Sample038/img038-1753.jpg	یا
Sample038/img038-1754.jpg	یا
Sample038/img038-1755.jpg	یا
Sample038/img038-1756.jpg	یا
Sample038/img038-1757.jpg	یا
Sample038/img038-1758.jpg	یا
Sample038/img038-1759.jpg	یا
Sample038/img038-1760.jpg	یا
Sample038/img038-1761.jpg	یا
Sample038/img038-1762.jpg	یا
Sample038/img038-1763.jpg	یا
Sample038/img038-1764.jpg	یا
Sample038/img038-1765.jpg	یا
Sample038/img038-1766.jpg	یا
Sample038/img038-1767.jpg	یا
Sample038/img038-1768.jpg	یا
Sample038/img038-1769.jpg	یا
Sample038/img038-1770.jpg	یا
Sample038/img038-1771.jpg	یا
Sample038/img038-1772.jpg	یا
Sample038/img038-1773.jpg	یا
Sample038/img038-1774.jpg	یا
Sample038/img038-1775.jpg	یا
Sample038/img038-1776.jpg	یا
Sample038/img038-1777.jpg	یا
Sample038/img038-1778.jpg	یا
Sample038/img038-1779.jpg	یا
Sample038/img038-1780.jpg	یا
Sample038/img038-1781.jpg	یا
Sample038/img038-1782.jpg	یا
Sample038/img038-1783.jpg	یا
Sample038/img038-1784.jpg	یا
Sample038/img038-1785.jpg	یا
Sample038/img038-1786.jpg	یا
Sample038/img038-1787.jpg	یا
Sample038/img038-1788.jpg	یا
Sample038/img038-1789.jpg	یا
Sample038/img038-1790.jpg	یا
Sample038/img038-1791.jpg	یا
Sample038/img038-1792.jpg	یا
Sample038/img038-1793.jpg	یا
Sample038/img038-1794.jpg	یا
Sample038/img038-1795.jpg	یا
Sample038/img038-1796.jpg	یا
Sample038/img038-1797.jpg	یا
Sample038/img038-1798.jpg	یا
Sample038/img038-1799.jpg	یا
Sample038/img038-1800.jpg	یا
Sample038/img038-1801.jpg	یا
Sample038/img038-1802.jpg	یا
Sample038/img038-1803.jpg	یا
Sample038/img038-1804.jpg	یا
Sample038/img038-1805.jpg	یا
Sample038/img038-1806.jpg	یا
Sample038/img038-1807.jpg	یا
Sample038/img038-1808.jpg	یا
Sample038/img038-1809.jpg	یا
Sample038/img038-1810.jpg	یا
Sample038/img038-1811.jpg	یا
Sample038/img038-1812.jpg	یا
Sample038/img038-1813.jpg	یا
Sample038/img038-1814.jpg	یا
Sample038/img038-1815.jpg	یا
Sample038/img038-1816.jpg	یا
Sample038/img038-1817.jpg	یا
Sample038/img038-1818.jpg	یا
Sample038/img038-1819.jpg	یا
Sample038/img038-1820.jpg	یا
Sample038/img038-1821.jpg	یا
Sample038/img038-1822.jpg	یا
Sample038/img038-1823.jpg	یا
Sample038/img038-1824.jpg	یا
Sample038/img038-1825.jpg	یا
Sample038/img038-1826.jpg	یا
Sample038/img038-1827.jpg	یا
Sample038/img038-1828.jpg	یا
Sample038/img038-1829.jpg	یا
Sample038/img038-1830.jpg	یا
Sample038/img038-1831.jpg	یا
Sample038/img038-1832.jpg	یا
Sample038/img038-1833.jpg	یا
Sample038/img038-1834.jpg	یا
Sample038/img038-1835.jpg	یں
Sample038/img038-1836.jpg	یں
Sample038/img038-1837.jpg	یں
Sample038/img038-1838.jpg	یں
Sample038/img038-1839.jpg	یں
Sample038/img038-1840.jpg	یں
Sample038/img038-1841.jpg	یں
Sample038/img038-1842.jpg	یں
Sample038/img038-1843.jpg	یں
Sample038/img038-1844.jpg	یں
Sample038/img038-1845.jpg	یں
Sample038/img038-1846.jpg	یں
Sample038/img038-1847.jpg	یں
Sample038/img038-1848.jpg	یں
Sample038/img038-1849.jpg	یں
Sample038/img038-1850.jpg	یں
Sample038/img038-1851.jpg	یں
Sample038/img038-1852.jpg	یں
Sample038/img038-1853.jpg	یں
Sample038/img038-1854.jpg	یں
Sample038/img038-1855.jpg	یں
Sample038/img038-1856.jpg	یں
Sample038/img038-1857.jpg	یں
Sample038/img038-1858.jpg	یں
Sample038/img038-1859.jpg	یں
Sample038/img038-1860.jpg	یں
Sample038/img038-1861.jpg	یں
Sample038/img038-1862.jpg	یں
Sample038/img038-1863.jpg	یں
Sample038/img038-1864.jpg	یں
Sample038/img038-1865.jpg	یں
Sample038/img038-1866.jpg	یں
Sample038/img038-1867.jpg	یں
Sample038/img038-1868.jpg	یں
Sample038/img038-1869.jpg	یں
Sample038/img038-1870.jpg	یں
Sample038/img038-1871.jpg	یں
Sample038/img038-1872.jpg	یں
Sample038/img038-1873.jpg	یں
Sample038/img038-1874.jpg	یں
Sample038/img038-1875.jpg	یں
Sample038/img038-1876.jpg	یں
Sample038/img038-1877.jpg	یں
Sample038/img038-1878.jpg	یں
Sample038/img038-1879.jpg	یں
Sample038/img038-1880.jpg	یں
Sample038/img038-1881.jpg	یں
Sample038/img038-1882.jpg	یں
Sample038/img038-1883.jpg	یں
Sample038/img038-1884.jpg	یں
Sample038/img038-1885.jpg	یں
Sample038/img038-1886.jpg	یں
Sample038/img038-1887.jpg	یں
Sample038/img038-1888.jpg	یں
Sample038/img038-1889.jpg	یں
Sample038/img038-1890.jpg	یں
Sample038/img038-1891.jpg	یں
Sample038/img038-1892.jpg	یں
Sample038/img038-1893.jpg	یں
Sample038/img038-1894.jpg	یں
Sample038/img038-1895.jpg	یں
Sample038/img038-1896.jpg	یں
Sample038/img038-1897.jpg	یں
Sample038/img038-1898.jpg	یں
Sample038/img038-1899.jpg	یں
Sample038/img038-1900.jpg	یں
Sample038/img038-1901.jpg	یں
Sample038/img038-1902.jpg	یں
Sample038/img038-1903.jpg	یں
Sample038/img038-1904.jpg	یں
Sample038/img038-1905.jpg	یں
Sample038/img038-1906.jpg	یں
Sample038/img038-1907.jpg	یں
Sample038/img038-1908.jpg	یں
Sample038/img038-1909.jpg	یں
Sample038/img038-1910.jpg	یں
Sample038/img038-1911.jpg	یں
Sample038/img038-1912.jpg	یں
Sample038/img038-1913.jpg	یں
Sample038/img038-1914.jpg	یں
Sample038/img038-1915.jpg	یں
Sample038/img038-1916.jpg	یں
Sample038/img038-1917.jpg	یں
Sample038/img038-1918.jpg	یں
Sample038/img038-1919.jpg	یں
Sample038/img038-1920.jpg	یں
Sample038/img038-1921.jpg	یں
Sample038/img038-1922.jpg	یں
Sample038/img038-1923.jpg	یں
Sample038/img038-1924.jpg	یں
Sample038/img038-1925.jpg	یں
Sample038/img038-1926.jpg	یں
Sample038/img038-1927.jpg	یں
Sample038/img038-1928.jpg	یں
Sample038/img038-1929.jpg	یں
Sample038/img038-1930.jpg	یں
Sample038/img038-1931.jpg	یں
Sample038/img038-1932.jpg	یں
Sample038/img038-1933.jpg	یں
Sample038/img038-1934.jpg	یں
Sample038/img038-1935.jpg	یں
Sample038/img038-1936.jpg	یں
Sample038/img038-1937.jpg	یں
Sample038/img038-1938.jpg	یں
Sample038/img038-1939.jpg	یں
Sample038/img038-1940.jpg	یں
Sample038/img038-1941.jpg	یں
Sample038/img038-1942.jpg	یں
Sample038/img038-1943.jpg	یں
Sample038/img038-1944.jpg	یں
Sample038/img038-1945.jpg	یں
Sample038/img038-1946.jpg	یو
Sample038/img038-1947.jpg	یو
Sample038/img038-1948.jpg	یو
Sample038/img038-1949.jpg	یو
Sample038/img038-1950.jpg	یو
Sample038/img038-1951.jpg	یو
Sample038/img038-1952.jpg	یو
Sample038/img038-1953.jpg	یو
Sample038/img038-1954.jpg	یو
Sample038/img038-1955.jpg	یو
Sample038/img038-1956.jpg	یو
Sample038/img038-1957.jpg	یو
Sample038/img038-1958.jpg	یو
Sample038/img038-1959.jpg	یو
Sample038/img038-1960.jpg	یو
Sample038/img038-1961.jpg	یو
Sample038/img038-1962.jpg	یو
Sample038/img038-1963.jpg	یو
Sample038/img038-1964.jpg	یو
Sample038/img038-1965.jpg	یو
Sample038/img038-1966.jpg	یو
Sample038/img038-1967.jpg	یو
Sample038/img038-1968.jpg	یو
Sample038/img038-1969.jpg	یو
Sample038/img038-1970.jpg	یو
Sample038/img038-1971.jpg	یو
Sample038/img038-1972.jpg	یو
Sample038/img038-1973.jpg	یو
Sample038/img038-1974.jpg	یو
Sample038/img038-1975.jpg	یو
Sample038/img038-1976.jpg	یو
Sample038/img038-1977.jpg	یو
Sample038/img038-1978.jpg	یو
Sample038/img038-1979.jpg	یو
Sample038/img038-1980.jpg	یو
Sample038/img038-1981.jpg	یو
Sample038/img038-1982.jpg	یو
Sample038/img038-1983.jpg	یو
Sample038/img038-1984.jpg	یو
Sample038/img038-1985.jpg	یو
Sample038/img038-1986.jpg	یو
Sample038/img038-1987.jpg	یو
Sample038/img038-1988.jpg	یو
Sample038/img038-1989.jpg	یو